{
  "total_samples": 25,
  "successful_samples": 25,
  "success_rate": 1.0,
  "wer": 0.25102880658436216,
  "cer": 0.1270632201806291,
  "avg_latency_sec": 9.625131184011698,
  "p95_latency_sec": 53.189345480001066,
  "avg_rtf": 0.8508936875419634,
  "errors": [],
  "model_size": "small",
  "language": "vi"
}